subject,vial1,vial2,vial3,vial4,vial5,vial6,vial7,vial8,vial9,vial10,vial11,vial12,vial13,vial14,vial15,vial16,logmean
1,23,23,22,20,25,22,27,25,22,22,23,23,27,19,23,18,1.3579348470004537
2,25,33,27,27,30,28,24,22,26,30,30,29,29,37,24,28,1.4502491083193612
3,38,38,41,38,38,32,38,42,35,40,41,37,28,36,30,37,1.5674185056727485
4,14,16,15,19,20,22,16,19,17,18,20,18,12,17,15,13,1.228742457564257
5,46,36,30,29,36,31,30,32,32,31,30,32,25,29,31,32,1.505149978319906
